Accession,Strain_Name,Host_Category,Collection_Year,Country,PB2_627_Phenotype
PQ012345,A/dairy_cattle/Texas/01/2024,Bovine,2024,USA,Mammalian-Adapted (627K)
PQ012388,A/human/Texas/01/2024,Human,2024,USA,Mammalian-Adapted (627K)
OR123456,A/mink/Spain/391/2022,Mammalian (Mink),2022,Spain,Mammalian-Adapted (627K)
OR987654,A/red_fox/Iowa/02/2023,Mammalian (Fox),2023,USA,Mammalian-Adapted (627K)
PP556677,A/wild_bird/California/10/2024,Avian (Wild),2024,USA,Avian Wild-Type (627E)
PP889900,A/chicken/Texas/05/2024,Avian (Poultry),2024,USA,Avian Wild-Type (627E)
OQ334455,A/peregrine_falcon/Spain/2023,Avian (Wild),2023,Spain,Avian Wild-Type (627E)
OP112233,A/mallard/Minnesota/01/2022,Avian (Wild),2022,USA,Avian Wild-Type (627E)
EPI1846271,A/Chile/2590/2023,Human,2023,Chile,Mammalian-Adapted (627K)
MK112244,A/goose/Guangdong/1/1996,Avian (Poultry),1996,China,Ancestral Wild-Type (627E)
CY038012,A/Vietnam/1203/2004,Human,2004,Vietnam,Human Spillover (627K)
AB123499,A/environment/USDA/2024,Environmental,2024,USA,Avian Wild-Type (627E)